city,records,avg_temperature,max_temperature,avg_humidity,max_rain,total_precipitation,avg_pressure,max_wind
Thoothukudi,144,25.397222222222222,29.3,87.84722222222223,56.8,436.5,1010.1479166666666,30.3
Tirunelveli,144,24.991666666666667,30.3,88.31944444444444,69.0,343.1,1004.8708333333333,21.8
Kanyakumari,144,25.22361111111111,28.1,85.52083333333333,59.8,320.6,1006.1152777777778,38.7
Tenkasi,144,24.602777777777778,29.5,86.50694444444444,17.4,207.6,991.4437499999999,21.0
Ramanathapuram,144,25.061805555555555,31.0,88.45138888888889,9.1,154.9,1009.2069444444444,23.2
Dindigul,144,24.036805555555556,29.9,84.79166666666667,21.5,136.7,979.6388888888889,17.0
Thanjavur,144,24.777083333333334,30.5,86.32638888888889,12.7,117.6,1004.1722222222221,23.4
Tiruvarur,144,24.84861111111111,30.6,88.69444444444444,8.1,115.4,1008.8208333333334,23.7
Virudhunagar,144,25.104166666666668,30.6,84.42361111111111,11.6,115.3,998.9923611111111,21.1
Sivaganga,144,24.845833333333335,30.9,86.22222222222223,10.1,110.8,999.4708333333333,24.2
Cuddalore,144,25.308333333333334,29.8,84.25,6.2,108.5,1010.3840277777776,28.6
Nagapattinam,144,25.456249999999997,30.1,86.54166666666667,5.3,108.2,1009.8131944444444,28.3
Mayiladuthurai,144,24.977777777777778,31.2,87.20138888888889,6.0,105.5,1009.1145833333334,21.9
Karur,144,25.736805555555556,31.5,79.40277777777777,10.3,101.0,996.6826388888888,20.7
Madurai,144,25.179861111111112,30.7,83.09722222222223,7.3,100.2,994.8187499999999,21.9
Viluppuram,144,24.95138888888889,30.1,83.70138888888889,9.1,98.5,1005.5236111111111,23.0
Pudukkottai,144,24.672916666666666,31.2,85.86805555555556,12.0,98.4,999.375,24.2
Coimbatore,144,23.28472222222222,28.1,85.33333333333333,10.4,96.3,963.2972222222221,19.6
Theni,144,23.595138888888886,28.5,86.04166666666667,7.6,95.9,977.4965277777778,11.1
Tiruchirappalli,144,25.08263888888889,31.1,83.95833333333333,10.6,92.2,1001.845138888889,23.7
Chennai,144,25.649305555555557,28.3,80.20138888888889,7.0,89.3,1010.0597222222223,24.8
Ariyalur,144,24.844444444444445,30.8,84.54166666666667,9.9,88.0,1002.1069444444444,24.3
Namakkal,144,25.033333333333335,31.2,79.96527777777777,18.2,87.9,986.0201388888888,13.7
Chengalpattu,144,24.95763888888889,29.0,83.35416666666667,7.3,87.7,1005.5374999999999,24.0
Perambalur,144,24.71527777777778,30.6,83.45138888888889,7.3,82.0,997.3215277777776,25.7
Vellore,144,23.876388888888886,29.1,85.24305555555556,7.0,66.4,987.3416666666667,18.5
Kallakurichi,144,24.726388888888888,30.3,82.33333333333333,6.8,63.6,996.5930555555556,21.4
Tiruvallur,144,24.717361111111114,28.4,83.74305555555556,11.0,61.199999999999996,1006.1243055555556,21.4
Tiruvannamalai,144,24.34097222222222,29.4,83.54861111111111,6.5,53.5,991.7145833333333,22.0
Kanchipuram,144,24.515972222222224,28.6,84.20833333333333,4.9,51.6,1001.563888888889,21.4
Ranipet,144,24.066666666666666,29.0,84.86805555555556,4.6,51.199999999999996,992.1833333333333,19.4
Nilgiris,144,13.898611111111112,19.6,93.0,5.7,43.8,783.0729166666666,13.3
Salem,144,25.049999999999997,32.6,77.64583333333333,4.4,42.3,979.28125,15.3
Erode,144,25.834027777777777,32.4,77.36805555555556,6.8,36.1,991.1916666666667,15.6
Tiruppur,144,24.62986111111111,30.5,81.02083333333333,5.4,32.6,977.0666666666667,15.8
Dharmapuri,144,23.242361111111112,29.8,82.98611111111111,2.3,23.1,960.4458333333334,18.4
Tirupathur,144,23.5875,29.2,82.02083333333333,2.1,19.4,968.2465277777778,17.6
Krishnagiri,144,23.109722222222224,28.4,81.78472222222223,3.5,17.2,957.5979166666667,17.1
