feature,normal_mean,flood_mean,mean_difference,normal_median,flood_median,normal_std,flood_std,normal_count,flood_count,absolute_difference
wind_direction_10m,175.7079678362573,208.52631578947367,32.818347953216374,189.0,273.5,99.6866254672698,136.84911840602308,8208,2736,32.818347953216374
cloud_cover,69.13584307992203,98.51790935672514,29.382066276803116,91.0,100.0,36.906904466384546,8.198789816649425,8208,2736,29.382066276803116
cloud_cover_low,14.320175438596491,36.26681286549707,21.94663742690058,3.0,20.0,25.59640396731389,36.02579426615829,8208,2736,21.94663742690058
relative_humidity_2m,70.56834795321637,89.7266081871345,19.158260233918128,73.0,93.0,18.954595041340678,8.585211189044992,8208,2736,19.158260233918128
discharge_7d_max,66.20408731147226,82.44810144927536,16.24401413780309,6.05096,58.588,417.7986631609464,72.83740520075399,3532,1656,16.24401413780309
discharge_3d_mean,37.345315089168764,52.84110144927517,15.495786360106408,2.917833333333339,31.02533333333333,246.18879177254885,50.41867399107273,3532,1656,15.495786360106408
discharge_30d_mean,41.9955543611416,27.639916220096637,-14.355638141044963,4.772016666666666,20.768866666666668,244.23723091939038,23.633189149238458,3532,1656,14.355638141044963
river_discharge,36.2352685148205,48.596043478260874,12.360774963440377,2.501,30.98,264.10911979538423,47.269447215725755,3532,1656,12.360774963440377
discharge_change_7d,0.576018054186014,12.629637246376811,12.053619192190798,0.0,4.2,230.96973822198976,43.852807447030266,3532,1656,12.053619192190798
discharge_7d_mean,38.57784542249374,47.642645962732814,9.064800540239077,3.3858571428571347,34.839285714285715,277.70909329061885,41.86403779126103,3532,1656,9.064800540239077
discharge_7d_min,16.49849194377463,22.343623188405793,5.845131244631162,0.895,14.175,90.31436750084826,23.32119969393238,3532,1656,5.845131244631162
discharge_change_3d,-4.636244102625991,-7.986086956521739,-3.3498428538957485,0.0,-0.3399999999999998,222.193298290626,55.51369458341421,3532,1656,3.3498428538957485
temperature_2m,27.402936159844053,24.215350877192982,-3.187585282651071,27.2,24.0,4.633093056028067,2.603864043547385,8208,2736,3.187585282651071
temperature_humidity_index,18.6403714668616,21.563250365497076,2.922878898635478,19.304499999999997,21.952,3.6961536844431246,1.7735762076524573,8208,2736,2.922878898635478
wind_speed_10m,10.162877680311892,8.481286549707603,-1.6815911306042892,9.3,8.0,5.792856392742434,4.559017897999093,8208,2736,1.6815911306042892
dew_point_2m,20.808662280701753,22.32317251461988,1.5145102339181271,21.5,22.6,3.317732892022812,1.77165482734821,8208,2736,1.5145102339181271
precipitation,0.14407894736842103,0.9870614035087719,0.8429824561403509,0.0,0.3,0.7078776765976134,1.7174618803062305,8208,2736,0.8429824561403509
rain,0.14407894736842103,0.9870614035087719,0.8429824561403509,0.0,0.3,0.7078776765976134,1.7174618803062305,8208,2736,0.8429824561403509
discharge_vs_30d_mean,1.1849103396624432,1.8074605390550247,0.6225501993925815,0.7141726080654992,1.336348758485399,2.219505865008953,1.290981031840527,3166,1656,0.6225501993925815
river_discharge_available,0.43031189083820665,0.6052631578947368,0.1749512670565302,0.0,1.0,0.49514991416704174,0.48888344618981894,8208,2736,0.1749512670565302
discharge_change_1d,-3.677512149892129,-3.8277101449275373,-0.1501979950354082,0.0,-1.0999999999999943,174.57834747917303,39.540628369629864,3532,1656,0.1501979950354082
station_distance_km,23.238737774944262,23.124117441581504,-0.11462033336275823,19.96200375781109,19.838823374510987,12.631904053517074,12.553914062751106,6908,2304,0.11462033336275823
surface_pressure,986.5072733918129,986.5762426900584,0.0689692982455199,995.2,995.9,37.36622482428381,36.67641614440248,8208,2736,0.0689692982455199
discharge_vs_7d_mean,1.0390606922622607,1.0865628854245157,0.04750219316225501,0.921285197965796,1.0359532231625346,0.8297702714610867,0.7827358180976762,3012,1656,0.04750219316225501
