feature,importance
cloud_cover,0.29701638
precipitation,0.094427414
rain,0.089918606
relative_humidity_2m,0.058645822
discharge_7d_mean,0.050651573
temperature_humidity_index,0.047505237
discharge_7d_max,0.046536814
discharge_30d_mean,0.03929843
discharge_3d_mean,0.03374654
cloud_cover_low,0.03219898
dew_point_2m,0.030737842
discharge_change_7d,0.025100196
discharge_7d_min,0.02313041
temperature_2m,0.02125296
river_discharge,0.019175125
discharge_vs_7d_mean,0.017197905
surface_pressure,0.016088117
wind_speed_10m,0.016045464
discharge_vs_30d_mean,0.015312752
discharge_change_3d,0.015186576
discharge_change_1d,0.010826764
