DisNo.,Historic,Classification Key,Disaster Group,Disaster Subgroup,Disaster Type,Disaster Subtype,External IDs,Event Name,ISO,Country,Subregion,Region,Location,Origin,Associated Types,OFDA/BHA Response,Appeal,Declaration,AID Contribution ('000 US$),Magnitude,Magnitude Scale,Latitude,Longitude,River Basin,Start Year,Start Month,Start Day,End Year,End Month,End Day,Total Deaths,No. Injured,No. Affected,No. Homeless,Total Affected,Reconstruction Costs ('000 US$),"Reconstruction Costs, Adjusted ('000 US$)",Insured Damage ('000 US$),"Insured Damage, Adjusted ('000 US$)",Total Damage ('000 US$),"Total Damage, Adjusted ('000 US$)",CPI,Admin Units,Entry Date,Last Update,combined_location
1977-0121-IND,Yes,nat-hyd-flo-flo,Natural,Hydrological,Flood,Flood (General),,,IND,India,Southern Asia,Asia,Tamil Nadu,,,No,No,No,,,Km2,,,,1977,10.0,,1977,10.0,,60.0,,45000.0,,45000.0,,,,,,,19.891036576022,,2003-07-01,2023-09-25,Tamil Nadu India Asia
1979-0100-IND,Yes,nat-hyd-flo-flo,Natural,Hydrological,Flood,Flood (General),,,IND,India,Southern Asia,Asia,Tamil Nadu,,,No,No,No,,,Km2,,,,1979,11.0,,1979,11.0,,140.0,,,,,,,,,,,23.8183792546336,,2003-07-01,2023-09-25,Tamil Nadu India Asia
1983-0153-IND,Yes,nat-hyd-flo-flo,Natural,Hydrological,Flood,Flood (General),,,IND,India,Southern Asia,Asia,Tamil Nadu,,,No,No,No,,,Km2,,,,1983,12.0,,1983,12.0,,58.0,,,,,,,,,,,32.687704821756,,2003-07-01,2023-09-25,Tamil Nadu India Asia
1985-0131-IND,Yes,nat-hyd-flo-flo,Natural,Hydrological,Flood,Flood (General),,,IND,India,Southern Asia,Asia,Tamil Nadu,,,Yes,No,No,,,Km2,,,,1985,11.0,12.0,1985,11.0,12.0,130.0,,500000.0,400000.0,900000.0,,,,,,,35.3022824912548,,2003-07-01,2023-09-25,Tamil Nadu India Asia
1992-0483-IND,Yes,nat-hyd-flo-flo,Natural,Hydrological,Flood,Flood (General),,,IND,India,Southern Asia,Asia,"Tamil Nadu, Kerala, Karnataka, Andhra Pradesh states",,,Yes,No,No,,,Km2,,,,1992,11.0,10.0,1992,11.0,10.0,179.0,,,500.0,500.0,,,,,69000.0,149835.0,46.0505037069189,,2007-08-08,2023-09-25,"Tamil Nadu, Kerala, Karnataka, Andhra Pradesh states India Asia"
1996-0245-IND,Yes,nat-hyd-flo-riv,Natural,Hydrological,Flood,Riverine flood,,,IND,India,Southern Asia,Asia,"Tamil Nadu, Andhra Pradesh, Kerala, Karnataka states",Heavy rains,,No,No,No,1123.0,177500.0,Km2,,,,1996,10.0,21.0,1996,10.0,25.0,388.0,,100000.0,,100000.0,,,,,90400.0,175614.0,51.4765757419477,,2006-07-10,2023-09-25,"Tamil Nadu, Andhra Pradesh, Kerala, Karnataka states India Asia"
2002-0729-IND,No,nat-hyd-flo-flo,Natural,Hydrological,Flood,Flood (General),,,IND,India,Southern Asia,Asia,"Chennai, Coimbatore, Cuddalore districts (Tamil Nadu province",,,No,No,No,,,Km2,,,,2002,10.0,1.0,2002,10.0,1.0,20.0,,200.0,,200.0,,,,,,,59.0331440786142,"[{""adm2_code"":17867,""adm2_name"":""Coimbatore""},{""adm2_code"":70242,""adm2_name"":""Chennai""},{""adm2_code"":70243,""adm2_name"":""Cuddalore""}]",2003-07-01,2023-09-25,"Chennai, Coimbatore, Cuddalore districts (Tamil Nadu province India Asia"
2005-0627-IND,No,nat-hyd-flo-riv,Natural,Hydrological,Flood,Riverine flood,,,IND,India,Southern Asia,Asia,"Salem, Namakkal, Karur, Erode, Tiruchchirappalli, Vellore, Perambalur, Nagapattinam, Kanniyakumari, Dharmapuri, Madurai, Villupuram, Chennai, Cuddalore districts (Tamil Nadu province), Karaikal district (Puducherry province), Bangalore Rural, Bangalore Urban, Mysore districts (Karnataka province), Nellore, Chittoor, Vishakhapatnam, Srikakulam, Vizianagaram, Cuddapah districts (Andhra Pradesh province), West Bengal, Orissa provinces",Monsoonal rain,,No,No,No,,131300.0,Km2,,,"Cauvery, Coleroon, Palar, Pennar, Papaghni, Nagavali, Vamsadhara, Bhavani",2005,10.0,23.0,2005,11.0,13.0,162.0,,2000000.0,,2000000.0,,,,,,,64.0927402574269,"[{""adm1_code"":1504,""adm1_name"":""Orissa""},{""adm1_code"":1511,""adm1_name"":""West Bengal""},{""adm2_code"":17549,""adm2_name"":""Chittoor""},{""adm2_code"":17550,""adm2_name"":""Cuddapah""},{""adm2_code"":17561,""adm2_name"":""Nellore""},{""adm2_code"":17565,""adm2_name"":""Srikakulam""},{""adm2_code"":17566,""adm2_name"":""Vishakhapatnam""},{""adm2_code"":17567,""adm2_name"":""Vizianagaram""},{""adm2_code"":17692,""adm2_name"":""Mysore""},{""adm2_code"":70158,""adm2_name"":""Bangalore Rural""},{""adm2_code"":70159,""adm2_name"":""Bangalore Urban""},{""adm2_code"":17868,""adm2_name"":""Dharmapuri""},{""adm2_code"":17870,""adm2_name"":""Kanniyakumari""},{""adm2_code"":17875,""adm2_name"":""Erode""},{""adm2_code"":17879,""adm2_name"":""Salem""},{""adm2_code"":17883,""adm2_name"":""Tiruchchirappalli""},{""adm2_code"":70242,""adm2_name"":""Chennai""},{""adm2_code"":70243,""adm2_name"":""Cuddalore""},{""adm2_code"":70245,""adm2_name"":""Karur""},{""adm2_code"":70246,""adm2_name"":""Madurai""},{""adm2_code"":70247,""adm2_name"":""Nagapattinam""},{""adm2_code"":70248,""adm2_name"":""Namakkal""},{""adm2_code"":70249,""adm2_name"":""Perambalur""},{""adm2_code"":70254,""adm2_name"":""Vellore""},{""adm2_code"":70255,""adm2_name"":""Villupuram""},{""adm2_code"":70226,""adm2_name"":""Karaikal""}]",2006-04-27,2023-09-25,"Salem, Namakkal, Karur, Erode, Tiruchchirappalli, Vellore, Perambalur, Nagapattinam, Kanniyakumari, Dharmapuri, Madurai, Villupuram, Chennai, Cuddalore districts (Tamil Nadu province), Karaikal district (Puducherry province), Bangalore Rural, Bangalore Urban, Mysore districts (Karnataka province), Nellore, Chittoor, Vishakhapatnam, Srikakulam, Vizianagaram, Cuddapah districts (Andhra Pradesh province), West Bengal, Orissa provinces India Asia"
2005-0677-IND,No,nat-hyd-flo-riv,Natural,Hydrological,Flood,Riverine flood,,,IND,India,Southern Asia,Asia,Tamil Nadu province,Torrential rains,,No,No,No,,,Km2,,,,2005,12.0,2.0,2005,12.0,3.0,30.0,,200000.0,,200000.0,,,,,,,64.0927402574269,"[{""adm1_code"":1508,""adm1_name"":""Tamil Nadu""}]",2005-12-08,2023-09-25,Tamil Nadu province India Asia
2006-0601-IND,No,nat-hyd-flo-riv,Natural,Hydrological,Flood,Riverine flood,,,IND,India,Southern Asia,Asia,"Tamil Nadu, Andhra Pradesh provinces",Monsoonal rain and Cyclonic storm Ogni,,No,No,No,,40090.0,Km2,14.13,79.93,"Godavari, Krishna deltas",2006,10.0,26.0,2006,11.0,4.0,47.0,,225000.0,,225000.0,,,,,,,66.1603305617979,"[{""adm1_code"":1485,""adm1_name"":""Andhra Pradesh""},{""adm1_code"":1508,""adm1_name"":""Tamil Nadu""}]",2007-03-15,2023-09-25,"Tamil Nadu, Andhra Pradesh provinces India Asia"
2007-0524-IND,No,nat-hyd-flo-riv,Natural,Hydrological,Flood,Riverine flood,,,IND,India,Southern Asia,Asia,"Andhra Pradesh, Tamil Nadu province",Heavy rain,,No,No,No,,76740.0,Km2,12.73,79.7,"Mamidikalva and other canals at Naidupet, Pannaiyar, Vellar, Gedilam, Paravanarul, Kollidam, Old Kollidam and the Manimautharu",2007,10.0,27.0,2007,11.0,1.0,29.0,,50000.0,,50000.0,,,,,,,68.0476738315874,"[{""adm1_code"":1485,""adm1_name"":""Andhra Pradesh""},{""adm1_code"":1508,""adm1_name"":""Tamil Nadu""}]",2007-11-26,2023-09-25,"Andhra Pradesh, Tamil Nadu province India Asia"
2008-0130-IND,No,nat-hyd-flo-flo,Natural,Hydrological,Flood,Flood (General),,,IND,India,Southern Asia,Asia,"Tamil Nadu, Karnataka provinces",Heavy rain,,No,No,No,,144300.0,Km2,10.76,78.72,Bennihalla,2008,3.0,20.0,2008,3.0,28.0,37.0,,10278.0,,10278.0,,,,,2000.0,2830.0,70.6600890345053,"[{""adm1_code"":1494,""adm1_name"":""Karnataka""},{""adm1_code"":1508,""adm1_name"":""Tamil Nadu""}]",2008-04-07,2023-09-25,"Tamil Nadu, Karnataka provinces India Asia"
2008-0246-IND,No,nat-hyd-flo-fla,Natural,Hydrological,Flood,Flash flood,GLIDE:FL-2008-000089,,IND,India,Southern Asia,Asia,"Lakhimpu, Dhemaji, Sonitpur districts (Assam province), West Bengal, Orissa, Bihar, Gujarat, Goa, Haryana, Kerala, Karnataka, Maharastra, Madhya Pradesh, Punjab, Rajasthan, Uttar Pradesh, Tamil Nadu, Arunachal Pradesh, Uttarakhand, Jharkhand provinces",Monsoonal rain,"Slide (land, mud, snow, rock)",No,No,No,1948.0,350600.0,Km2,25.18,91.54,Kelegai river,2008,6.0,11.0,2008,7.0,21.0,1063.0,,7900000.0,,7900000.0,,,,,123000.0,174073.0,70.6600890345053,"[{""adm1_code"":1490,""adm1_name"":""Goa""},{""adm1_code"":1491,""adm1_name"":""Gujarat""},{""adm1_code"":1492,""adm1_name"":""Haryana""},{""adm1_code"":1494,""adm1_name"":""Karnataka""},{""adm1_code"":1495,""adm1_name"":""Kerala""},{""adm1_code"":1498,""adm1_name"":""Maharashtra""},{""adm1_code"":1504,""adm1_name"":""Orissa""},{""adm1_code"":1505,""adm1_name"":""Punjab""},{""adm1_code"":1506,""adm1_name"":""Rajasthan""},{""adm1_code"":1508,""adm1_name"":""Tamil Nadu""},{""adm1_code"":1511,""adm1_name"":""West Bengal""},{""adm1_code"":70036,""adm1_name"":""Administrative unit not available""},{""adm1_code"":70037,""adm1_name"":""Administrative unit not available""},{""adm1_code"":70072,""adm1_name"":""Arunachal Pradesh""},{""adm1_code"":70073,""adm1_name"":""Bihar""},{""adm1_code"":70078,""adm1_name"":""Jharkhand""},{""adm1_code"":70079,""adm1_name"":""Madhya Pradesh""},{""adm1_code"":70081,""adm1_name"":""Uttar Pradesh""},{""adm1_code"":70082,""adm1_name"":""Uttarakhand""},{""adm2_code"":17593,""adm2_name"":""Sonitpur""},{""adm2_code"":70087,""adm2_name"":""Dhemaji""},{""adm2_code"":70091,""adm2_name"":""Lakhimpur""}]",2009-03-18,2023-09-25,"Lakhimpu, Dhemaji, Sonitpur districts (Assam province), West Bengal, Orissa, Bihar, Gujarat, Goa, Haryana, Kerala, Karnataka, Maharastra, Madhya Pradesh, Punjab, Rajasthan, Uttar Pradesh, Tamil Nadu, Arunachal Pradesh, Uttarakhand, Jharkhand provinces India Asia"
2008-0285-IND,No,nat-hyd-flo-riv,Natural,Hydrological,Flood,Riverine flood,,,IND,India,Southern Asia,Asia,"Assam, Bihar, Gujarat, Goa, Haryana, Jharkhand, Kerala, Karnataka, Maharashtra, Madhya Pradesh, Punjab, Orissa, Rajasthan, Uttarakhand, Uttar Pradesh, Tamil Nadu, West Bengal provinces",,,No,No,No,,,Km2,,,,2008,7.0,5.0,2008,7.0,14.0,,,50000.0,,50000.0,,,,,,,70.6600890345053,"[{""adm1_code"":1487,""adm1_name"":""Assam""},{""adm1_code"":1490,""adm1_name"":""Goa""},{""adm1_code"":1491,""adm1_name"":""Gujarat""},{""adm1_code"":1492,""adm1_name"":""Haryana""},{""adm1_code"":1494,""adm1_name"":""Karnataka""},{""adm1_code"":1495,""adm1_name"":""Kerala""},{""adm1_code"":1498,""adm1_name"":""Maharashtra""},{""adm1_code"":1504,""adm1_name"":""Orissa""},{""adm1_code"":1505,""adm1_name"":""Punjab""},{""adm1_code"":1506,""adm1_name"":""Rajasthan""},{""adm1_code"":1508,""adm1_name"":""Tamil Nadu""},{""adm1_code"":1511,""adm1_name"":""West Bengal""},{""adm1_code"":70073,""adm1_name"":""Bihar""},{""adm1_code"":70078,""adm1_name"":""Jharkhand""},{""adm1_code"":70079,""adm1_name"":""Madhya Pradesh""},{""adm1_code"":70081,""adm1_name"":""Uttar Pradesh""},{""adm1_code"":70082,""adm1_name"":""Uttarakhand""}]",2009-01-12,2023-09-25,"Assam, Bihar, Gujarat, Goa, Haryana, Jharkhand, Kerala, Karnataka, Maharashtra, Madhya Pradesh, Punjab, Orissa, Rajasthan, Uttarakhand, Uttar Pradesh, Tamil Nadu, West Bengal provinces India Asia"
2008-0560-IND,No,nat-hyd-flo-fla,Natural,Hydrological,Flood,Flash flood,GLIDE:TC-2008-000237,,IND,India,Southern Asia,Asia,"Thiruvallur, Thoothukudi, Villupuram, Ramanathapuram, Tirunelveli Kattabo, Pudukkottai, Kanniyakumari, Nagapattinam, Cuddalore, Chennai districts (Tamil Nadu province), Puducherry, Karaikal districts (Puducherry province)",Tropical cyclone Nisha,,No,No,No,,,Km2,,,,2008,11.0,27.0,2008,12.0,4.0,54.0,,803740.0,,803740.0,,,,,,,70.6600890345053,"[{""adm2_code"":17866,""adm2_name"":""Thoothukudi""},{""adm2_code"":17870,""adm2_name"":""Kanniyakumari""},{""adm2_code"":17876,""adm2_name"":""Pudukkottai""},{""adm2_code"":17878,""adm2_name"":""Ramanathapuram""},{""adm2_code"":17884,""adm2_name"":""Tirunelveli Kattabo""},{""adm2_code"":70242,""adm2_name"":""Chennai""},{""adm2_code"":70243,""adm2_name"":""Cuddalore""},{""adm2_code"":70247,""adm2_name"":""Nagapattinam""},{""adm2_code"":70251,""adm2_name"":""Thiruvallur""},{""adm2_code"":70255,""adm2_name"":""Villupuram""},{""adm2_code"":70226,""adm2_name"":""Karaikal""},{""adm2_code"":70228,""adm2_name"":""Puducherry""}]",2009-01-12,2023-09-25,"Thiruvallur, Thoothukudi, Villupuram, Ramanathapuram, Tirunelveli Kattabo, Pudukkottai, Kanniyakumari, Nagapattinam, Cuddalore, Chennai districts (Tamil Nadu province), Puducherry, Karaikal districts (Puducherry province) India Asia"
2009-0483-IND,No,nat-hyd-flo-riv,Natural,Hydrological,Flood,Riverine flood,,,IND,India,Southern Asia,Asia,"Ooty, Coonoor cities (Nilgiris district, Tamil Nadu)",Heavy rains,"Slide (land, mud, snow, rock)",No,No,No,,35730.0,Km2,11.47,77.85,,2009,11.0,3.0,2009,11.0,8.0,70.0,8.0,,,8.0,,,,,64000.0,90898.0,70.4088617569341,"[{""adm2_code"":17873,""adm2_name"":""Nilgiris""}]",2010-03-05,2023-09-25,"Ooty, Coonoor cities (Nilgiris district, Tamil Nadu) India Asia"
2010-0629-IND,No,nat-hyd-flo-riv,Natural,Hydrological,Flood,Riverine flood,,,IND,India,Southern Asia,Asia,"Chennai, Cuddalore, Nagapattinam, Pudukottai, Ramanthapuram, Thanjavur, Thiruvallur, Villupuram, Thoothukudi, Tirunelveli Kattabo districts (Tamil Nadu province)",Monsoonal rain,,No,No,No,,57474.0,Km2,9.88,78.47,,2010,11.0,15.0,2010,12.0,7.0,203.0,,,,,,,,,22000.0,30742.0,71.5635955751889,"[{""adm2_code"":17866,""adm2_name"":""Thoothukudi""},{""adm2_code"":17876,""adm2_name"":""Pudukkottai""},{""adm2_code"":17878,""adm2_name"":""Ramanathapuram""},{""adm2_code"":17881,""adm2_name"":""Thanjavur""},{""adm2_code"":17884,""adm2_name"":""Tirunelveli Kattabo""},{""adm2_code"":70242,""adm2_name"":""Chennai""},{""adm2_code"":70243,""adm2_name"":""Cuddalore""},{""adm2_code"":70247,""adm2_name"":""Nagapattinam""},{""adm2_code"":70251,""adm2_name"":""Thiruvallur""},{""adm2_code"":70255,""adm2_name"":""Villupuram""}]",2011-01-06,2023-09-25,"Chennai, Cuddalore, Nagapattinam, Pudukottai, Ramanthapuram, Thanjavur, Thiruvallur, Villupuram, Thoothukudi, Tirunelveli Kattabo districts (Tamil Nadu province) India Asia"
2015-0207-IND,No,nat-hyd-flo-fla,Natural,Hydrological,Flood,Flash flood,DFO:4251,,IND,India,Southern Asia,Asia,"Bhadrairuppu village (Virudhunagar district, Tamil Nadu province)",Torrential rain,,No,No,No,,14179.0,Km2,10.7121,79.18,,2015,5.0,17.0,2015,5.0,21.0,8.0,,200.0,,200.0,,,,,,,77.7865676599233,"[{""adm2_code"":17869,""adm2_name"":""Virudhunagar""}]",2015-06-04,2023-09-25,"Bhadrairuppu village (Virudhunagar district, Tamil Nadu province) India Asia"
2015-0504-IND,No,nat-hyd-flo-flo,Natural,Hydrological,Flood,Flood (General),DFO:4309|GLIDE:TC-2015-000163,,IND,India,Southern Asia,Asia,"Chittoor, Cuddapah, Prakasam, Nellore districts (Andhra Pradesh province), Chennai, Cuddalore, Nagapattinam, Kancheepuram, Thiruvallur, Villupuram districts (Tamil Nadu province), Puducherry province",Tropical depression 'Rovan',,No,No,Yes,,93202.05,Km2,11.828,78.855,,2015,11.0,8.0,2015,12.0,4.0,325.0,1000.0,1800000.0,,1801000.0,,,755000.0,970605.0,2200000.0,2828252.0,77.7865676599233,"[{""adm1_code"":70080,""adm1_name"":""Puducherry""},{""adm2_code"":17549,""adm2_name"":""Chittoor""},{""adm2_code"":17550,""adm2_name"":""Cuddapah""},{""adm2_code"":17561,""adm2_name"":""Nellore""},{""adm2_code"":17563,""adm2_name"":""Prakasam""},{""adm2_code"":70242,""adm2_name"":""Chennai""},{""adm2_code"":70243,""adm2_name"":""Cuddalore""},{""adm2_code"":70244,""adm2_name"":""Kancheepuram""},{""adm2_code"":70247,""adm2_name"":""Nagapattinam""},{""adm2_code"":70251,""adm2_name"":""Thiruvallur""},{""adm2_code"":70255,""adm2_name"":""Villupuram""}]",2015-11-16,2023-09-25,"Chittoor, Cuddapah, Prakasam, Nellore districts (Andhra Pradesh province), Chennai, Cuddalore, Nagapattinam, Kancheepuram, Thiruvallur, Villupuram districts (Tamil Nadu province), Puducherry province India Asia"
2017-0495-IND,No,nat-hyd-flo-fla,Natural,Hydrological,Flood,Flash flood,DFO:4532,,IND,India,Southern Asia,Asia,Chenai (Tamil Nadu),Heavy rains,,No,No,No,,50536.26,Km2,10.489,79.004,,2017,10.0,30.0,2017,11.0,8.0,21.0,,4000.0,,4000.0,,,,,,,80.4457792619455,"[{""adm2_code"":70242,""adm2_name"":""Chennai""}]",2017-11-28,2023-09-25,Chenai (Tamil Nadu) India Asia
2019-0499-IND,No,nat-hyd-flo-flo,Natural,Hydrological,Flood,Flood (General),,,IND,India,Southern Asia,Asia,"Belagavi, Gadag, Koppal districts (Karnataka); Kerala, Tamil Nadu states",Monsoon rain,"Slide (land, mud, snow, rock)",No,No,No,,,Km2,,,,2019,10.0,19.0,2019,10.0,23.0,12.0,,27500.0,,27500.0,,,,,,,83.9041700601057,"[{""adm1_code"":1495,""adm1_name"":""Kerala""},{""adm1_code"":1508,""adm1_name"":""Tamil Nadu""},{""adm2_code"":17679,""adm2_name"":""Belgaum""},{""adm2_code"":70163,""adm2_name"":""Gadag""},{""adm2_code"":70165,""adm2_name"":""Koppal""}]",2019-10-24,2024-04-10,"Belagavi, Gadag, Koppal districts (Karnataka); Kerala, Tamil Nadu states India Asia"
2019-0574-IND,No,nat-hyd-flo-flo,Natural,Hydrological,Flood,Flood (General),,,IND,India,Southern Asia,Asia,"Coimbatore, Cuddalore, Nagapattinam, Thoothukkudi Districts (Tamil Nadu); Pudducherry",Heavy rains,,No,No,No,,,Km2,,,,2019,11.0,29.0,2019,12.0,4.0,27.0,,25000.0,,25000.0,,,,,,,83.9041700601057,"[{""adm1_code"":70080,""adm1_name"":""Puducherry""},{""adm2_code"":17866,""adm2_name"":""Thoothukudi""},{""adm2_code"":17867,""adm2_name"":""Coimbatore""},{""adm2_code"":70243,""adm2_name"":""Cuddalore""},{""adm2_code"":70247,""adm2_name"":""Nagapattinam""}]",2019-12-04,2023-09-25,"Coimbatore, Cuddalore, Nagapattinam, Thoothukkudi Districts (Tamil Nadu); Pudducherry India Asia"
2021-0722-IND,No,nat-hyd-flo-flo,Natural,Hydrological,Flood,Flood (General),,,IND,India,Southern Asia,Asia,Tamil Nadu,Heavy rains,,No,No,No,,,Km2,,,,2021,11.0,6.0,2021,11.0,8.0,14.0,,11000.0,,11000.0,,,,,,,88.9294934772074,"[{""adm1_code"":1508,""adm1_name"":""Tamil Nadu""}]",2021-11-08,2023-09-25,Tamil Nadu India Asia
2023-0846-IND,No,nat-hyd-flo-flo,Natural,Hydrological,Flood,Flood (General),,,IND,India,Southern Asia,Asia,"Thoothukudi, Tirunelveli, Kanniyakumari and Tenkasi Districts (Tamil Nadu state)",Heavy rains,,No,No,No,,,Km2,,,,2023,12.0,18.0,2023,12.0,20.0,10.0,,,,,,,,,,,100.0,,2023-12-21,2023-12-22,"Thoothukudi, Tirunelveli, Kanniyakumari and Tenkasi Districts (Tamil Nadu state) India Asia"
