district,normal_rain_jan,normal_rain_feb,normal_rain_mar,normal_rain_apr,normal_rain_may,normal_rain_jun,normal_rain_jul,normal_rain_aug,normal_rain_sep,normal_rain_oct,normal_rain_nov,normal_rain_dec,normal_rain_annual,normal_rain_jan_feb,normal_rain_mar_may,normal_rain_jun_sep,normal_rain_oct_dec
VELLORE,8.1,6.8,9.2,22.3,75.0,65.9,107.3,129.0,163.9,163.2,127.2,58.3,936.2,14.9,106.5,466.1,348.7
COIMBATORE,8.1,12.2,17.2,53.4,79.7,32.9,47.2,40.6,69.1,151.9,129.6,47.4,689.3,20.3,150.3,189.8,328.9
DHARMAPURI,8.0,10.2,15.9,41.7,102.8,53.6,77.9,99.3,162.6,180.5,103.3,46.3,902.1,18.2,160.4,393.4,330.1
KANYAKUMARI,18.4,22.0,42.5,104.3,141.5,186.1,112.5,76.7,102.1,226.3,208.6,61.5,1302.5,40.4,288.3,477.4,496.4
CHENNAI,22.1,14.6,3.0,12.0,43.5,64.1,108.6,147.9,118.5,266.5,367.8,155.6,1324.2,36.7,58.5,439.1,789.9
MADURAI,13.6,14.5,20.6,57.8,66.4,48.7,66.6,87.3,133.3,206.2,151.3,61.6,927.9,28.1,144.8,335.9,419.1
NILGIRIS,23.1,26.2,35.6,82.4,117.3,169.8,260.8,180.9,148.4,217.9,181.2,79.1,1522.7,49.3,235.3,759.9,478.2
RAMANATHAPURA,33.0,18.3,23.5,53.0,39.0,16.9,30.1,44.2,58.1,182.4,187.2,122.1,807.8,51.3,115.5,149.3,491.7
SALEM,8.5,7.5,16.0,54.0,100.8,65.1,96.4,119.6,159.5,190.9,123.8,55.8,997.9,16.0,170.8,440.6,370.5
THANJAVUR,26.9,15.4,17.3,30.5,54.3,39.8,65.0,101.8,111.8,183.8,219.2,147.3,1013.1,42.3,102.1,318.4,550.3
TIRUCHIRAPPAL,13.6,9.1,11.8,38.4,59.7,31.5,53.2,73.8,135.4,173.2,139.9,78.4,818.0,22.7,109.9,293.9,391.5
TIRUNELVELI,35.4,33.9,48.1,70.4,47.7,37.9,39.5,26.8,38.2,157.5,210.1,99.6,845.1,69.3,166.2,142.4,467.2
ERODE,6.6,9.5,16.8,44.5,81.1,27.5,38.9,57.6,105.8,158.9,110.5,45.2,702.9,16.1,142.4,229.8,314.6
PUDUKKOTTAI,23.2,9.9,13.5,34.2,49.8,44.6,79.3,109.0,117.7,158.0,147.1,101.1,887.4,33.1,97.5,350.6,406.2
DINDIGUL,19.0,11.9,22.4,62.6,83.0,41.2,55.9,70.5,127.8,188.1,159.0,89.3,930.7,30.9,168.0,295.4,436.4
VIRUDHUNAGAR,18.8,24.0,28.8,67.5,65.2,22.1,35.8,51.4,87.5,180.7,172.7,65.6,820.1,42.8,161.5,196.8,419.0
SIVAGANGA,15.6,12.3,17.5,46.1,57.6,41.9,72.0,88.2,98.9,187.1,148.5,87.1,872.8,27.9,121.2,301.0,422.7
THOOTHUKUDI,24.6,18.2,29.1,51.5,31.0,7.1,15.9,15.8,36.1,151.3,185.4,90.3,656.3,42.8,111.6,74.9,427.0
TIRUVANNAMALA,14.7,11.8,11.4,19.3,68.2,62.4,96.0,142.3,167.4,194.2,170.2,82.1,1040.0,26.5,98.9,468.1,446.5
NAGAPATTINAM,62.6,23.1,18.5,24.0,38.0,36.8,59.9,93.0,96.4,241.2,411.7,288.1,1393.3,85.7,80.5,286.1,941.0
VILUPPURAM,18.5,9.7,9.3,16.3,50.4,48.9,83.9,130.2,145.3,186.5,195.1,117.5,1011.6,28.2,76.0,408.3,499.1
CUDDALORE,27.9,16.2,14.6,17.0,50.1,47.3,75.1,129.2,131.5,220.2,295.3,182.3,1206.7,44.1,81.7,383.1,697.8
KANCHIPURAM,17.3,11.8,3.3,16.4,46.3,68.4,109.5,164.1,148.8,225.8,283.0,133.0,1227.7,29.1,66.0,490.8,641.8
TIRUVALLUR,18.0,13.5,5.1,13.7,48.4,68.6,110.3,135.4,137.3,211.0,261.3,117.0,1139.6,31.5,67.2,451.6,589.3
THENI,16.0,19.4,35.4,73.4,59.5,22.0,32.6,33.3,70.5,167.7,139.0,51.2,720.0,35.4,168.3,158.4,357.9
NAMAKKAL,6.5,7.4,12.7,44.1,91.8,44.0,68.0,97.4,129.9,156.8,98.8,36.0,793.4,13.9,148.6,339.3,291.6
KARUR,9.7,7.8,10.4,38.0,60.8,19.8,35.7,51.8,106.3,144.6,119.1,51.0,655.0,17.5,109.2,213.6,314.7
PERAMBALUR,13.1,8.3,12.7,30.8,65.4,32.6,50.3,81.9,125.9,191.0,155.0,94.9,861.9,21.4,108.9,290.7,440.9
TIRUVARUR,40.9,19.2,17.2,33.7,46.8,33.4,64.0,94.0,105.0,200.3,304.0,214.8,1173.3,60.1,97.7,296.4,719.1
KRISHNAGIRI,4.9,5.8,12.3,39.9,99.4,55.9,75.4,96.4,171.3,176.9,77.9,34.6,850.7,10.7,151.6,399.0,289.4
ARIYALUR,21.2,11.3,13.1,21.9,66.8,51.5,72.7,129.2,138.6,193.4,205.2,146.9,1071.8,32.5,101.8,392.0,545.5
TIRUPUR,7.1,6.9,13.4,48.0,73.7,22.0,27.1,31.7,74.0,147.7,120.0,46.6,618.2,14.0,135.1,154.8,314.3
