threshold,accuracy,balanced_accuracy,precision,recall,f1,true_negative,false_positive,false_negative,true_positive
1e-05,0.2760416666666667,0.5173611111111112,0.25668449197860965,1.0,0.4085106382978723,30,834,0,288
2e-05,0.4175347222222222,0.6116898148148148,0.30031282586027114,1.0,0.4619085805934242,193,671,0,288
5e-05,0.5980902777777778,0.7320601851851851,0.38348868175765644,1.0,0.5543792107795957,401,463,0,288
0.0001,0.6857638888888888,0.7719907407407407,0.4401294498381877,0.9444444444444444,0.6004415011037527,518,346,16,272
0.0002,0.7578125,0.771412037037037,0.5099778270509978,0.7986111111111112,0.6224627875507442,643,221,58,230
0.0003,0.7934027777777778,0.7766203703703705,0.5661375661375662,0.7430555555555556,0.6426426426426426,700,164,74,214
0.0005,0.8185763888888888,0.7748842592592593,0.6246056782334385,0.6875,0.6545454545454545,745,119,90,198
0.00075,0.8272569444444444,0.7633101851851851,0.6606498194945848,0.6354166666666666,0.647787610619469,770,94,105,183
0.001,0.8333333333333334,0.7650462962962963,0.6804511278195489,0.6284722222222222,0.6534296028880866,779,85,107,181
0.002,0.8524305555555556,0.7662037037037037,0.7633928571428571,0.59375,0.66796875,811,53,117,171
0.003,0.8376736111111112,0.7274305555555556,0.7643979057591623,0.5069444444444444,0.6096033402922756,819,45,142,146
0.005,0.8324652777777778,0.6973379629629629,0.8145695364238411,0.4270833333333333,0.5603644646924829,836,28,165,123
0.01,0.7864583333333334,0.5902777777777778,0.7916666666666666,0.19791666666666666,0.31666666666666665,849,15,231,57
0.02,0.7517361111111112,0.513888888888889,0.55,0.03819444444444445,0.07142857142857142,855,9,277,11
0.05,0.7482638888888888,0.4988425925925926,0.0,0.0,0.0,862,2,288,0
0.1,0.7482638888888888,0.4988425925925926,0.0,0.0,0.0,862,2,288,0
0.2,0.7482638888888888,0.4988425925925926,0.0,0.0,0.0,862,2,288,0
0.5,0.7491319444444444,0.4994212962962963,0.0,0.0,0.0,863,1,288,0
