event_id,start,end,records,max_water_level,mean_water_level,min_water_level
1,2025-05-17 08:00:00,2025-05-17 08:00:00,1,86.48,86.48,86.48
2,2025-05-17 11:00:00,2025-05-17 12:00:00,2,86.554,86.55199999999999,86.55
3,2025-05-18 01:00:00,2025-05-18 05:00:00,4,86.539,86.5345,86.532
4,2025-05-22 22:00:00,2025-05-27 12:00:00,2,93.2,93.2,93.2
5,2025-05-27 15:00:00,2025-05-27 15:00:00,1,86.474,86.474,86.474
6,2025-05-27 21:00:00,2025-05-28 08:00:00,9,93.2,88.02922222222222,86.49
7,2025-05-28 12:00:00,2025-05-28 15:00:00,4,86.565,86.52749999999999,86.484
8,2025-05-28 19:00:00,2025-05-29 09:00:00,15,86.548,86.51719999999999,86.494
9,2025-05-29 12:00:00,2025-05-29 12:00:00,1,86.518,86.518,86.518
10,2025-05-31 00:00:00,2025-05-31 06:00:00,7,86.541,86.52557142857142,86.514
11,2025-05-31 21:00:00,2025-05-31 21:00:00,1,93.2,93.2,93.2
12,2025-06-04 07:00:00,2025-06-04 07:00:00,1,86.499,86.499,86.499
13,2025-06-04 10:00:00,2025-06-04 21:00:00,6,86.502,86.48049999999999,86.472
14,2025-06-05 00:00:00,2025-06-05 02:00:00,3,86.509,86.496,86.481
15,2025-06-05 08:00:00,2025-06-06 18:00:00,4,93.2,88.15225,86.469
16,2025-06-07 02:00:00,2025-06-07 07:00:00,5,93.2,87.8324,86.47
17,2025-06-07 10:00:00,2025-06-07 16:00:00,7,86.577,86.55285714285715,86.495
18,2025-06-07 19:00:00,2025-06-07 19:00:00,1,86.504,86.504,86.504
19,2025-06-07 22:00:00,2025-06-08 03:00:00,6,86.516,86.50866666666667,86.495
20,2025-06-10 02:00:00,2025-06-11 12:00:00,7,93.2,89.39142857142856,86.471
21,2025-06-11 15:00:00,2025-06-12 09:00:00,17,86.544,86.49982352941176,86.487
22,2025-06-14 00:00:00,2025-06-14 08:00:00,9,86.543,86.49544444444444,86.474
23,2025-06-14 11:00:00,2025-06-14 16:00:00,5,93.2,87.84880000000001,86.495
24,2025-06-14 19:00:00,2025-06-14 23:00:00,5,86.506,86.5,86.491
25,2025-06-15 04:00:00,2025-06-15 08:00:00,5,86.499,86.49539999999999,86.49
26,2025-06-22 01:00:00,2025-06-22 02:00:00,2,86.473,86.47200000000001,86.471
27,2025-06-22 05:00:00,2025-06-22 19:00:00,11,93.2,87.714,86.48
28,2025-06-23 14:00:00,2025-06-23 14:00:00,1,86.476,86.476,86.476
29,2025-06-24 18:00:00,2025-06-24 20:00:00,2,86.506,86.493,86.48
30,2025-06-25 05:00:00,2025-06-25 10:00:00,5,93.2,87.8418,86.488
31,2025-06-25 19:00:00,2025-07-06 08:00:00,95,87.103,86.91830526315789,86.479
32,2025-07-13 15:00:00,2025-07-13 15:00:00,1,86.473,86.473,86.473
33,2025-07-13 18:00:00,2025-07-13 22:00:00,5,86.506,86.4904,86.479
34,2025-07-14 09:00:00,2025-07-14 09:00:00,1,86.553,86.553,86.553
35,2025-07-14 14:00:00,2025-07-14 15:00:00,2,86.513,86.511,86.509
36,2025-07-14 17:00:00,2025-07-15 06:00:00,11,86.506,86.48563636363637,86.476
37,2025-07-15 08:00:00,2025-07-15 09:00:00,2,86.475,86.4725,86.47
38,2025-07-27 15:00:00,2025-07-27 20:00:00,6,86.535,86.50366666666667,86.477
39,2025-07-28 02:00:00,2025-07-28 05:00:00,4,86.479,86.4745,86.47
40,2025-07-28 12:00:00,2025-07-28 21:00:00,10,86.541,86.505,86.488
41,2025-08-01 02:00:00,2025-08-01 02:00:00,1,86.513,86.513,86.513
42,2025-08-01 05:00:00,2025-08-01 14:00:00,10,86.547,86.5334,86.515
43,2025-08-01 16:00:00,2025-08-01 23:00:00,8,86.543,86.499875,86.469
44,2025-08-02 09:00:00,2025-08-02 11:00:00,3,86.491,86.48466666666667,86.478
45,2025-08-02 21:00:00,2025-08-02 21:00:00,1,86.47,86.47,86.47
46,2025-08-08 08:00:00,2025-08-08 11:00:00,4,86.492,86.48125,86.477
47,2025-08-13 19:00:00,2025-08-13 19:00:00,1,86.475,86.475,86.475
48,2025-08-13 23:00:00,2025-08-13 23:00:00,1,86.469,86.469,86.469
49,2025-08-18 23:00:00,2025-08-18 23:00:00,1,93.2,93.2,93.2
50,2025-08-21 20:00:00,2025-08-22 11:00:00,16,86.501,86.48825,86.469
