threshold,precision,recall,f1,balanced_accuracy,true_negative,false_positive,false_negative,true_positive,predicted_flood
5e-05,0.256,1.0,0.40764331210191085,0.515625,27,837,0,288,1125
0.0001,0.29782833505687695,1.0,0.4589641434262948,0.6070601851851852,185,679,0,288,967
0.00015,0.36828644501278773,1.0,0.5383177570093458,0.7141203703703703,370,494,0,288,782
0.0002,0.4309559939301973,0.9861111111111112,0.5997888067581837,0.7760416666666667,489,375,4,284,659
0.00025,0.47952218430034127,0.9756944444444444,0.6430205949656751,0.8113425925925926,559,305,7,281,586
0.0003,0.5208333333333334,0.9548611111111112,0.6740196078431373,0.8310185185185186,611,253,13,275,528
0.0004,0.53,0.7361111111111112,0.6162790697674418,0.7592592592592593,676,188,76,212,400
0.0005,0.5305466237942122,0.5729166666666666,0.5509181969949917,0.7019675925925926,718,146,123,165,311
0.00075,0.4514285714285714,0.2743055555555556,0.3412526997840173,0.5815972222222222,768,96,209,79,175
0.001,0.3482142857142857,0.13541666666666666,0.195,0.525462962962963,791,73,249,39,112
0.002,0.0,0.0,0.0,0.47858796296296297,827,37,288,0,37
0.005,0.0,0.0,0.0,0.48726851851851855,842,22,288,0,22
0.01,0.0,0.0,0.0,0.49189814814814814,850,14,288,0,14
0.02,0.0,0.0,0.0,0.49421296296296297,854,10,288,0,10
0.05,0.0,0.0,0.0,0.49594907407407407,857,7,288,0,7
0.1,0.0,0.0,0.0,0.4976851851851852,860,4,288,0,4
0.2,0.0,0.0,0.0,0.4994212962962963,863,1,288,0,1
0.3,0.0,0.0,0.0,0.4994212962962963,863,1,288,0,1
0.5,0.0,0.0,0.0,0.5,864,0,288,0,0
